{
    "results": [
      {
        "command": "./tspcc -f dj38.tsp -t 2",
        "mean": 69.41916953702,
        "stddev": 1.2145198709200975,
        "median": 69.54378586461999,
        "user": 138.73084258,
        "system": 0.08595963999999998,
        "min": 67.30761310311999,
        "max": 70.85267342911999,
        "times": [
          69.98479919111999,
          67.96438534612,
          70.61545271611999,
          69.19193413612,
          69.87393773711999,
          69.21363399212,
          68.46826059412,
          70.85267342911999,
          67.30761310311999,
          70.71900512511999
        ],
        "exit_codes": [
          0,
          0,
          0,
          0,
          0,
          0,
          0,
          0,
          0,
          0
        ]
      },
      {
        "command": "./tspcc -f dj38.tsp -t 4",
        "mean": 48.97777557202001,
        "stddev": 1.0077033554338635,
        "median": 49.26979228412,
        "user": 195.79452457999997,
        "system": 0.06981954,
        "min": 47.181717108120004,
        "max": 50.280290377120004,
        "times": [
          50.12577674612,
          48.15476229112,
          49.432686527120005,
          47.94456593812,
          49.66469481712,
          48.45367734712,
          50.280290377120004,
          47.181717108120004,
          49.14728626412,
          49.392298304120004
        ],
        "exit_codes": [
          0,
          0,
          0,
          0,
          0,
          0,
          0,
          0,
          0,
          0
        ]
      },
      {
        "command": "./tspcc -f dj38.tsp -t 8",
        "mean": 45.50743116302,
        "stddev": 1.2899873171858196,
        "median": 45.531672074620005,
        "user": 363.86794177999997,
        "system": 0.08173013999999998,
        "min": 42.89671096112,
        "max": 47.38406051012,
        "times": [
          42.89671096112,
          45.50235141812,
          45.83717103512,
          47.05457503112,
          46.25862019312,
          45.11209055612,
          45.06277422112,
          44.40496497312,
          45.56099273112,
          47.38406051012
        ],
        "exit_codes": [
          0,
          0,
          0,
          0,
          0,
          0,
          0,
          0,
          0,
          0
        ]
      },
      {
        "command": "./tspcc -f dj38.tsp -t 16",
        "mean": 43.57711411392,
        "stddev": 4.32982931612389,
        "median": 43.35710270262,
        "user": 696.8794950800001,
        "system": 0.10075904,
        "min": 36.39929546312,
        "max": 48.743306652120005,
        "times": [
          37.094236748120004,
          42.10266994312,
          42.51356467712,
          36.39929546312,
          43.38793632412,
          43.32626908112,
          46.88111195512,
          48.296142701120004,
          48.743306652120005,
          47.02660759412
        ],
        "exit_codes": [
          0,
          0,
          0,
          0,
          0,
          0,
          0,
          0,
          0,
          0
        ]
      },
      {
        "command": "./tspcc -f dj38.tsp -t 32",
        "mean": 35.61158476472001,
        "stddev": 1.8466109555216976,
        "median": 36.18587921962,
        "user": 1138.70680008,
        "system": 0.14433723999999998,
        "min": 32.02589092112,
        "max": 37.48698887312,
        "times": [
          37.03542701412,
          37.05465299112,
          32.02589092112,
          34.60949288012,
          36.42650709812,
          37.45894396212,
          34.19528987612,
          37.48698887312,
          35.94525134112,
          33.87740269012
        ],
        "exit_codes": [
          0,
          0,
          0,
          0,
          0,
          0,
          0,
          0,
          0,
          0
        ]
      },
      {
        "command": "./tspcc -f dj38.tsp -t 64",
        "mean": 33.279840587020004,
        "stddev": 0.9687022243033531,
        "median": 33.103243350620005,
        "user": 2127.8025421800003,
        "system": 0.21824243999999998,
        "min": 32.06902586212,
        "max": 34.98458858912,
        "times": [
          32.06902586212,
          32.499168603120005,
          33.33906761712,
          33.410276650120004,
          32.59585231412,
          32.43878784012,
          34.41600856412,
          32.86741908412,
          34.17821074612,
          34.98458858912
        ],
        "exit_codes": [
          0,
          0,
          0,
          0,
          0,
          0,
          0,
          0,
          0,
          0
        ]
      },
      {
        "command": "./tspcc -f dj38.tsp -t 128",
        "mean": 29.95016797532,
        "stddev": 0.540236067373619,
        "median": 29.76704437012,
        "user": 3825.9343527799997,
        "system": 0.83890224,
        "min": 29.304595769120002,
        "max": 30.65353540712,
        "times": [
          30.65353540712,
          29.304595769120002,
          30.56156697512,
          29.393778663120003,
          29.539509394120003,
          29.53840229312,
          29.75891783012,
          30.64252209112,
          30.33368042012,
          29.77517091012
        ],
        "exit_codes": [
          0,
          0,
          0,
          0,
          0,
          0,
          0,
          0,
          0,
          0
        ]
      },
      {
        "command": "./tspcc -f dj38.tsp -t 256",
        "mean": 29.06299393112,
        "stddev": 0.37447213080575553,
        "median": 28.889686172620003,
        "user": 6044.341647280001,
        "system": 223.87820763999997,
        "min": 28.70392648112,
        "max": 29.86715320712,
        "times": [
          28.790707051120002,
          29.35651126012,
          29.86715320712,
          29.33132349912,
          28.84462083112,
          28.934751514120002,
          28.76754102512,
          28.79482579312,
          29.23857864912,
          28.70392648112
        ],
        "exit_codes": [
          0,
          0,
          0,
          0,
          0,
          0,
          0,
          0,
          0,
          0
        ]
      }
    ]
  }
  