{
  "results": [
    {
      "command": "./tspcc -f dj38.tsp -t 2",
      "mean": 12.29131290802,
      "stddev": 0.9266957706233232,
      "median": 12.01915039602,
      "user": 24.57386436,
      "system": 0.000949532,
      "min": 11.20055849152,
      "max": 14.244913417520001,
      "times": [
        14.244913417520001,
        11.534973883520001,
        11.20055849152,
        12.76840192052,
        11.80062414252,
        13.16866369952,
        12.08332217252,
        11.50158281152,
        11.95497861952,
        12.655109921520001
      ],
      "exit_codes": [
        0,
        0,
        0,
        0,
        0,
        0,
        0,
        0,
        0,
        0
      ]
    },
    {
      "command": "./tspcc -f dj38.tsp -t 4",
      "mean": 11.16462741212,
      "stddev": 0.40508927249104326,
      "median": 11.157722531520001,
      "user": 44.48674016,
      "system": 0.015684479999999997,
      "min": 10.459033427520001,
      "max": 11.97016627752,
      "times": [
        10.459033427520001,
        11.22809485252,
        10.88272467652,
        11.178760416520001,
        10.909730487520001,
        11.136684646520001,
        11.97016627752,
        11.07261683752,
        11.23484420852,
        11.57361829052
      ],
      "exit_codes": [
        0,
        0,
        0,
        0,
        0,
        0,
        0,
        0,
        0,
        0
      ]
    },
    {
      "command": "./tspcc -f dj38.tsp -t 6",
      "mean": 8.86622951422,
      "stddev": 0.20633475022840228,
      "median": 8.942930223520001,
      "user": 52.409481459999995,
      "system": 0.014017279999999998,
      "min": 8.58230018952,
      "max": 9.18816768452,
      "times": [
        9.05437932052,
        8.68254222052,
        8.705500155520001,
        8.58230018952,
        8.60757229652,
        8.96740648552,
        8.98856634252,
        8.93753187852,
        8.948328568520001,
        9.18816768452
      ],
      "exit_codes": [
        0,
        0,
        0,
        0,
        0,
        0,
        0,
        0,
        0,
        0
      ]
    },
    {
      "command": "./tspcc -f dj38.tsp -t 8",
      "mean": 8.78905610962,
      "stddev": 0.21052346179444453,
      "median": 8.85758344002,
      "user": 60.722819259999994,
      "system": 0.36155608000000006,
      "min": 8.29130047652,
      "max": 8.99954523852,
      "times": [
        8.54716156752,
        8.81236962652,
        8.29130047652,
        8.87086206252,
        8.844304817520001,
        8.99954523852,
        8.87090287652,
        8.88754629952,
        8.92719681252,
        8.839371318520001
      ],
      "exit_codes": [
        0,
        0,
        0,
        0,
        0,
        0,
        0,
        0,
        0,
        0
      ]
    }
  ]
}
