{
  "results": [
    {
      "command": "./tspcc -f dj38.tsp -t 2",
      "mean": 1.1086483136199998,
      "stddev": 0.059499634044953044,
      "median": 1.0934889811200001,
      "user": 2.21408176,
      "system": 0.001593176,
      "min": 1.0314526906200001,
      "max": 1.20928314662,
      "times": [
        1.0974438346200002,
        1.04819759762,
        1.0895341276200001,
        1.1802209326200002,
        1.17305696562,
        1.0672927486200001,
        1.20928314662,
        1.10675262262,
        1.0314526906200001,
        1.08324846962
      ],
      "exit_codes": [
        0,
        0,
        0,
        0,
        0,
        0,
        0,
        0,
        0,
        0
      ]
    },
    {
      "command": "./tspcc -f dj38.tsp -t 4",
      "mean": 1.0683518246200001,
      "stddev": 0.059841300715282784,
      "median": 1.06142914612,
      "user": 4.25913046,
      "system": 0.0008794679999999999,
      "min": 0.95352836462,
      "max": 1.1997398646200002,
      "times": [
        1.1997398646200002,
        1.05490370662,
        1.05168394662,
        0.95352836462,
        1.04991246562,
        1.0641548146200002,
        1.0788975006200001,
        1.07768193062,
        1.0587034776200002,
        1.09431217462
      ],
      "exit_codes": [
        0,
        0,
        0,
        0,
        0,
        0,
        0,
        0,
        0,
        0
      ]
    },
    {
      "command": "./tspcc -f dj38.tsp -t 6",
      "mean": 0.8649487133200001,
      "stddev": 0.045937861919070774,
      "median": 0.8756033296200001,
      "user": 5.072729360000001,
      "system": 0.010411136,
      "min": 0.77621668862,
      "max": 0.9121846126200001,
      "times": [
        0.89047509962,
        0.91211075862,
        0.80746866062,
        0.9121846126200001,
        0.86073155962,
        0.85268693362,
        0.89126733462,
        0.84391444562,
        0.77621668862,
        0.90243103962
      ],
      "exit_codes": [
        0,
        0,
        0,
        0,
        0,
        0,
        0,
        0,
        0,
        0
      ]
    },
    {
      "command": "./tspcc -f dj38.tsp -t 8",
      "mean": 0.8136274567199999,
      "stddev": 0.023653867769801554,
      "median": 0.81875073562,
      "user": 5.482257859999999,
      "system": 0.04008192,
      "min": 0.76684249162,
      "max": 0.83826855062,
      "times": [
        0.76684249162,
        0.81785068862,
        0.80579078962,
        0.81479056962,
        0.83826855062,
        0.81965078262,
        0.83762428662,
        0.82739183262,
        0.77981235862,
        0.82825221662
      ],
      "exit_codes": [
        0,
        0,
        0,
        0,
        0,
        0,
        0,
        0,
        0,
        0
      ]
    }
  ]
}
