{
  "results": [
    {
      "command": "./tspcc -f dj38.tsp -t 2",
      "mean": 69.4304437895,
      "stddev": 1.5881333200759016,
      "median": 69.2192569537,
      "user": 138.71988419999997,
      "system": 0.09496503999999999,
      "min": 67.0189844177,
      "max": 71.98911370569999,
      "times": [
        69.6509827317,
        68.4817848907,
        70.0865565047,
        67.7524780477,
        68.5580605187,
        71.2212075277,
        70.7577383747,
        67.0189844177,
        71.98911370569999,
        68.7875311757
      ],
      "exit_codes": [
        0,
        0,
        0,
        0,
        0,
        0,
        0,
        0,
        0,
        0
      ]
    },
    {
      "command": "./tspcc -f dj38.tsp -t 4",
      "mean": 49.220198479699995,
      "stddev": 1.2448098009033532,
      "median": 48.8217665252,
      "user": 196.72507939999997,
      "system": 0.07880234,
      "min": 48.109655053699996,
      "max": 51.7880799657,
      "times": [
        49.8542905087,
        48.2756045707,
        50.7388750187,
        48.152940347699996,
        48.3809132157,
        49.2434064387,
        51.7880799657,
        48.109655053699996,
        48.400126611699996,
        49.258093065699995
      ],
      "exit_codes": [
        0,
        0,
        0,
        0,
        0,
        0,
        0,
        0,
        0,
        0
      ]
    },
    {
      "command": "./tspcc -f dj38.tsp -t 8",
      "mean": 47.552699948299995,
      "stddev": 1.1269864042010496,
      "median": 47.52547599969999,
      "user": 380.1768426,
      "system": 0.07979024,
      "min": 45.9618929177,
      "max": 49.7285312037,
      "times": [
        49.7285312037,
        48.334565887699995,
        46.6685791607,
        45.9618929177,
        47.736844627699995,
        48.4284389867,
        47.215570664699996,
        46.252501841699996,
        47.3141073717,
        47.8859668207
      ],
      "exit_codes": [
        0,
        0,
        0,
        0,
        0,
        0,
        0,
        0,
        0,
        0
      ]
    },
    {
      "command": "./tspcc -f dj38.tsp -t 16",
      "mean": 48.0655027104,
      "stddev": 1.072633540195368,
      "median": 47.5114680787,
      "user": 768.6233839,
      "system": 0.09627023999999998,
      "min": 47.2431321267,
      "max": 50.315353026699995,
      "times": [
        47.3752386287,
        50.315353026699995,
        49.3353179477,
        47.5891824997,
        47.433753657699995,
        47.2431321267,
        48.9342990587,
        47.740366986699996,
        47.363961794699996,
        47.324421376699995
      ],
      "exit_codes": [
        0,
        0,
        0,
        0,
        0,
        0,
        0,
        0,
        0,
        0
      ]
    },
    {
      "command": "./tspcc -f dj38.tsp -t 32",
      "mean": 47.210060942,
      "stddev": 0.7866100214702756,
      "median": 46.8143051582,
      "user": 1509.8623158,
      "system": 0.12003504000000002,
      "min": 46.6946093547,
      "max": 49.1678228017,
      "times": [
        47.288026982699996,
        46.8123662677,
        47.8952059357,
        49.1678228017,
        47.2226738387,
        46.6946093547,
        46.7790585077,
        46.7064480637,
        46.8162440487,
        46.7181536187
      ],
      "exit_codes": [
        0,
        0,
        0,
        0,
        0,
        0,
        0,
        0,
        0,
        0
      ]
    },
    {
      "command": "./tspcc -f dj38.tsp -t 64",
      "mean": 31.9720118606,
      "stddev": 0.5532785251830881,
      "median": 31.7953060992,
      "user": 2044.0190952,
      "system": 0.15682254,
      "min": 31.2943313737,
      "max": 33.0003179067,
      "times": [
        31.6743967087,
        33.0003179067,
        31.2943313737,
        31.6884576737,
        31.902154524700002,
        32.2498285907,
        31.679306342700002,
        31.326387558700002,
        32.344847593699996,
        32.5600903327
      ],
      "exit_codes": [
        0,
        0,
        0,
        0,
        0,
        0,
        0,
        0,
        0,
        0
      ]
    },
    {
      "command": "./tspcc -f dj38.tsp -t 128",
      "mean": 28.281390004300004,
      "stddev": 0.4946567026056111,
      "median": 28.253119831200003,
      "user": 3612.067879200001,
      "system": 0.3286772399999999,
      "min": 27.7614954077,
      "max": 29.216745881700003,
      "times": [
        29.216745881700003,
        27.8784863967,
        27.859777776700003,
        27.762983797700002,
        28.455750849700003,
        28.5780418977,
        28.433388474700003,
        27.7614954077,
        28.794378372700002,
        28.072851187700003
      ],
      "exit_codes": [
        0,
        0,
        0,
        0,
        0,
        0,
        0,
        0,
        0,
        0
      ]
    },
    {
      "command": "./tspcc -f dj38.tsp -t 256",
      "mean": 29.293265050900004,
      "stddev": 0.6650826398516931,
      "median": 29.300428005700002,
      "user": 7460.483083199999,
      "system": 1.7923099399999998,
      "min": 28.519689325700003,
      "max": 30.1626855407,
      "times": [
        30.1626855407,
        29.9051755547,
        28.568490346700003,
        29.3579486387,
        28.683263087700002,
        29.242907372700003,
        28.519689325700003,
        28.6323150077,
        30.1539251967,
        29.706250437700003
      ],
      "exit_codes": [
        0,
        0,
        0,
        0,
        0,
        0,
        0,
        0,
        0,
        0
      ]
    }
  ]
}
