{
  "results": [
    {
      "command": "./tspcc -f dj38.tsp -t 2",
      "mean": 1.2414346636999998,
      "stddev": 0.029347599645198404,
      "median": 1.2383424746,
      "user": 2.48091126,
      "system": 0.000143258,
      "min": 1.2100005381,
      "max": 1.3117935021,
      "times": [
        1.2565516261,
        1.2287767161,
        1.2151410201,
        1.2526955271,
        1.2184689861,
        1.2434304261,
        1.2100005381,
        1.2332545231,
        1.2442337721,
        1.3117935021
      ],
      "exit_codes": [
        0,
        0,
        0,
        0,
        0,
        0,
        0,
        0,
        0,
        0
      ]
    },
    {
      "command": "./tspcc -f dj38.tsp -t 4",
      "mean": 1.165797727,
      "stddev": 0.0786812409053405,
      "median": 1.1601969971,
      "user": 4.6469590599999995,
      "system": 0.002402044,
      "min": 1.0701617041,
      "max": 1.2864573941,
      "times": [
        1.2604311631,
        1.1647244121,
        1.1329214081,
        1.2864573941,
        1.2169332731,
        1.1556695821,
        1.2198289851,
        1.0701617041,
        1.0742487301,
        1.0766006181
      ],
      "exit_codes": [
        0,
        0,
        0,
        0,
        0,
        0,
        0,
        0,
        0,
        0
      ]
    },
    {
      "command": "./tspcc -f dj38.tsp -t 6",
      "mean": 1.0091522580999999,
      "stddev": 0.0783824062173123,
      "median": 1.0379849455999999,
      "user": 5.963536959999999,
      "system": 0.013247816,
      "min": 0.8741764651,
      "max": 1.1155996211,
      "times": [
        0.9758969661000001,
        0.8741764651,
        1.0626418021,
        0.8771690141,
        1.1155996211,
        1.0207990191,
        1.0334218311,
        1.0443988091,
        1.0425480601,
        1.0448709931
      ],
      "exit_codes": [
        0,
        0,
        0,
        0,
        0,
        0,
        0,
        0,
        0,
        0
      ]
    },
    {
      "command": "./tspcc -f dj38.tsp -t 8",
      "mean": 0.9312461203000002,
      "stddev": 0.018918983005523388,
      "median": 0.9222578116,
      "user": 6.2952837599999985,
      "system": 0.03923355999999999,
      "min": 0.9101170261,
      "max": 0.9639265121,
      "times": [
        0.9187043001,
        0.9223574981,
        0.9537297701,
        0.9221581251000001,
        0.9412092441000001,
        0.9143854321,
        0.9101170261,
        0.9486406471000001,
        0.9172326481,
        0.9639265121
      ],
      "exit_codes": [
        0,
        0,
        0,
        0,
        0,
        0,
        0,
        0,
        0,
        0
      ]
    }
  ]
}
