{
  "results": [
    {
      "command": "./tspcc -f dj38.tsp -t 2",
      "mean": 79.82840832258002,
      "stddev": 2.697322134380713,
      "median": 78.98191264438,
      "user": 157.7852558,
      "system": 1.7328072799999998,
      "min": 76.91402735388,
      "max": 84.75917662888,
      "times": [
        77.10642550588001,
        82.26781393688,
        80.81660079288001,
        84.75917662888,
        78.95756768688001,
        77.92230653688,
        76.91402735388,
        77.72872093388,
        79.00625760188001,
        82.80518624788
      ],
      "exit_codes": [
        0,
        0,
        0,
        0,
        0,
        0,
        0,
        0,
        0,
        0
      ]
    },
    {
      "command": "./tspcc -f dj38.tsp -t 4",
      "mean": 80.90945855318,
      "stddev": 2.7315508242884916,
      "median": 80.51921460738001,
      "user": 321.9366128,
      "system": 1.4167131799999997,
      "min": 76.76063995488,
      "max": 85.25673716288,
      "times": [
        76.76063995488,
        80.88577672288001,
        79.16453783888001,
        81.98882233088001,
        85.25673716288,
        80.15265249188,
        79.08398985888,
        83.99293795888,
        83.49436875188,
        78.31412245988001
      ],
      "exit_codes": [
        0,
        0,
        0,
        0,
        0,
        0,
        0,
        0,
        0,
        0
      ]
    },
    {
      "command": "./tspcc -f dj38.tsp -t 8",
      "mean": 81.73063412828,
      "stddev": 1.016457868758017,
      "median": 81.73300511638001,
      "user": 651.5894735999999,
      "system": 1.6128017799999999,
      "min": 80.36093732588,
      "max": 83.42813469388001,
      "times": [
        82.21171427388,
        83.42813469388001,
        81.74275190288,
        80.46143625688,
        82.48782459488001,
        81.72325832988001,
        81.35282283488,
        82.76362194988,
        80.77383911988001,
        80.36093732588
      ],
      "exit_codes": [
        0,
        0,
        0,
        0,
        0,
        0,
        0,
        0,
        0,
        0
      ]
    },
    {
      "command": "./tspcc -f dj38.tsp -t 16",
      "mean": 82.19144194438,
      "stddev": 1.4038036544215255,
      "median": 82.68592307388,
      "user": 1311.8298037,
      "system": 1.9543797799999996,
      "min": 79.28196263888,
      "max": 83.66250724088,
      "times": [
        83.20334891988,
        82.97235081288001,
        79.28196263888,
        83.43655094988,
        83.21023293588,
        80.92093324388,
        83.66250724088,
        82.39949533488,
        81.50589207388,
        81.32114529288
      ],
      "exit_codes": [
        0,
        0,
        0,
        0,
        0,
        0,
        0,
        0,
        0,
        0
      ]
    },
    {
      "command": "./tspcc -f dj38.tsp -t 32",
      "mean": 81.46343037858,
      "stddev": 1.6068094415347167,
      "median": 81.56283852338001,
      "user": 2602.2792648,
      "system": 1.9431259799999996,
      "min": 79.14199812988001,
      "max": 83.35766020888,
      "times": [
        82.77051846488,
        83.19393668588,
        83.35766020888,
        79.30054999688001,
        81.06827751788,
        81.64370350788,
        79.81179248688001,
        81.48197353888,
        82.86389324788,
        79.14199812988001
      ],
      "exit_codes": [
        0,
        0,
        0,
        0,
        0,
        0,
        0,
        0,
        0,
        0
      ]
    },
    {
      "command": "./tspcc -f dj38.tsp -t 64",
      "mean": 53.88809622038,
      "stddev": 0.8393016422320941,
      "median": 53.62104645238,
      "user": 3441.1067851,
      "system": 2.01362938,
      "min": 52.98776305088,
      "max": 55.316459618879996,
      "times": [
        53.89245705588,
        53.34963584888,
        54.49865183488,
        52.98776305088,
        54.25373597188,
        55.316459618879996,
        53.07721896588,
        53.17558211288,
        54.99368746788,
        53.33577027588
      ],
      "exit_codes": [
        0,
        0,
        0,
        0,
        0,
        0,
        0,
        0,
        0,
        0
      ]
    },
    {
      "command": "./tspcc -f dj38.tsp -t 128",
      "mean": 51.56791122468,
      "stddev": 0.9281076275698619,
      "median": 51.411952192879994,
      "user": 6581.762241799998,
      "system": 4.28673218,
      "min": 50.48674832988,
      "max": 53.34622240588,
      "times": [
        52.95887863188,
        53.34622240588,
        51.73849744988,
        50.63727366688,
        51.54474100588,
        50.48674832988,
        51.22789329988,
        50.914953070879996,
        51.41541360588,
        51.40849077988
      ],
      "exit_codes": [
        0,
        0,
        0,
        0,
        0,
        0,
        0,
        0,
        0,
        0
      ]
    },
    {
      "command": "./tspcc -f dj38.tsp -t 256",
      "mean": 57.56997736958,
      "stddev": 1.0219209344361302,
      "median": 57.21175811588,
      "user": 14624.655470100002,
      "system": 9.554722779999999,
      "min": 56.45303450388,
      "max": 59.423113403879995,
      "times": [
        56.99801043288,
        58.66082781788,
        56.45303450388,
        57.425505798879996,
        58.51357224188,
        57.98958089488,
        56.642030427879995,
        56.62838679288,
        59.423113403879995,
        56.965711380879995
      ],
      "exit_codes": [
        0,
        0,
        0,
        0,
        0,
        0,
        0,
        0,
        0,
        0
      ]
    }
  ]
}
